Model,train_auc,test_auc,accuracy,precision,recall,f1,brier_score,Outcome
Logistic Regression,0.7930137850781647,0.8046299649885307,0.7370147621651175,0.7047619047619048,0.7175757575757575,0.7111111111111111,0.17895144261202164,hypertension
Gradient Boosting,0.8960300429751307,0.8026946758420863,0.7342810278840897,0.7029940119760479,0.7115151515151515,0.7072289156626506,0.18019147133430632,hypertension
Logistic Regression,0.7764262086099196,0.7421903497947177,0.8053581191908147,0.44594594594594594,0.09482758620689655,0.15639810426540285,0.13872344675066678,diabetes
Gradient Boosting,0.9101756218442979,0.7503259680085683,0.7982504100601422,0.41025641025641024,0.13793103448275862,0.2064516129032258,0.13918522917850037,diabetes
Logistic Regression,0.9999885102003058,0.9999924440862382,0.996172772006561,1.0,0.9901269393511989,0.9950389794472005,0.006752829336544545,obesity
Gradient Boosting,1.0,1.0,1.0,1.0,1.0,1.0,4.5179529876484567e-10,obesity
Logistic Regression,0.80726575372066,0.7823780203054465,0.7348277747402953,0.5909090909090909,0.31471135940409684,0.4106925880923451,0.1714765247697545,metabolic_syndrome
Gradient Boosting,0.925551053849409,0.8247603069454774,0.762165117550574,0.6186046511627907,0.49534450651769085,0.5501551189245087,0.15455914863717446,metabolic_syndrome
